nsert
into developer (iddev, nazwa)
values(5,	'Rockstar North');
insert into developer (iddev, nazwa)
values(6,	'Sledgehammer Games')
insert into developer (iddev, nazwa)
values(1,	'Rockstar Games')
insert into developer (iddev, nazwa)
values(2,	'DICE')
insert into developer (iddev, nazwa)
values(3,	'PUBG CORP.')
insert into developer (iddev, nazwa)
values(4,	'Treyarch');

select * from developer;

insert 
into platforma(idplatformy, nazwa)
values(2,	'PS4')
insert into platforma(idplatformy, nazwa)
values(3,	'XONE')
insert into platforma(idplatformy, nazwa)
values(4,	'SWITCH')
insert into platforma(idplatformy, nazwa)
values(5,	'WIIU');

insert 
into gra(idgry, tytul)
values(1,	'Battlefield: 4')
insert into gra(idgry, tytul)
values(2,	'Battlefield: V')
insert into gra(idgry, tytul)
values(3,	'PUBG')
insert into gra(idgry, tytul)
values(4,	'Grand Theft Auto: V')
insert into gra(idgry, tytul)
values(5,	'Call of Duty: Black Ops IIII');

insert 
into kategoria (id_kategoria, kategoria)
values(1,	'PRZEMOC')
insert into kategoria (id_kategoria, kategoria)
values(2,	'WULGARNY JEZYK')
insert into kategoria (id_kategoria, kategoria)
values(3,	'UZYWKI')
insert into kategoria (id_kategoria, kategoria)
values(4,	'DYSKRYMINACJA')
insert into kategoria (id_kategoria, kategoria)
values(5,	'HAZARD');

select * from GraNaplatforme

insert 
into zespolsprawdzajacy(idzespolu, nazwazespolu)
values(1,	'Zespol 1')
insert into zespolsprawdzajacy(idzespolu, nazwazespolu)
values(2,	'Zespol 2')
insert into zespolsprawdzajacy(idzespolu, nazwazespolu)
values(3,	'Zespol 3')
insert into zespolsprawdzajacy(idzespolu, nazwazespolu)
values(4,	'Zespol 4')
insert into zespolsprawdzajacy(idzespolu, nazwazespolu)
values(5,	'Zespol 5')
insert into zespolsprawdzajacy(idzespolu, nazwazespolu)
values(6,	'Zespol 6');
commit
insert
into granaplatforme (platforma_idplatformy,gra_idgry,developer_iddev)
values(1,	1,	2)
insert into granaplatforme (platforma_idplatformy,gra_idgry,developer_iddev)
values(1,	2,	2)
insert into granaplatforme (platforma_idplatformy,gra_idgry,developer_iddev)
values(1,	3,	3)
insert into granaplatforme (platforma_idplatformy,gra_idgry,developer_iddev)
values(1,	4,	1)
insert into granaplatforme (platforma_idplatformy,gra_idgry,developer_iddev)
values(1,	5,	4)
insert into granaplatforme (platforma_idplatformy,gra_idgry,developer_iddev)
values(2,	1,	2)
insert into granaplatforme (platforma_idplatformy,gra_idgry,developer_iddev)
values(2,	5,	4)
insert into granaplatforme (platforma_idplatformy,gra_idgry,developer_iddev)
values(3,	1,	2)
insert into granaplatforme (platforma_idplatformy,gra_idgry,developer_iddev)
values(3,	5,	4)
insert into granaplatforme (platforma_idplatformy,gra_idgry,developer_iddev)
values(4,	4,	5)
insert into granaplatforme (platforma_idplatformy,gra_idgry,developer_iddev)
values(4,	5,	6)
insert into granaplatforme (platforma_idplatformy,gra_idgry,developer_iddev)
values(5,	1,	2);


insert 
into osobaspraw(idosoby, imie, nazwisko,kategoriasprawdzenia,kategoria_id_kategoria,zespolsprawdzajacy_idzespolu)
values(1,	'Adam',	'Pope',	'Przemoc',	1,	1)
insert into osobaspraw(idosoby, imie, nazwisko,kategoriasprawdzenia,kategoria_id_kategoria,zespolsprawdzajacy_idzespolu)
values(2,	'Ada',	'Wozniak',	'Wulgarny Jezyk',	2,	1)
insert into osobaspraw(idosoby, imie, nazwisko,kategoriasprawdzenia,kategoria_id_kategoria,zespolsprawdzajacy_idzespolu) 
values(3,	'Mat',	'Kowal',	'Uzywki',	3,	1)
insert into osobaspraw(idosoby, imie, nazwisko,kategoriasprawdzenia,kategoria_id_kategoria,zespolsprawdzajacy_idzespolu)
values(4,	'Mateusz', 'Morawiecki',	'Dyskryminacja',	4,	1)
insert into osobaspraw(idosoby, imie, nazwisko,kategoriasprawdzenia,kategoria_id_kategoria,zespolsprawdzajacy_idzespolu)
values(5,	'Zbigniew',	'Chlebowski',	'Hazard',	5,	1)
insert into osobaspraw(idosoby, imie, nazwisko,kategoriasprawdzenia,kategoria_id_kategoria,zespolsprawdzajacy_idzespolu)
values(6,	'Matthew',	'Exe',	'Przemoc',	1,	2)
insert into osobaspraw(idosoby, imie, nazwisko,kategoriasprawdzenia,kategoria_id_kategoria,zespolsprawdzajacy_idzespolu)
values(7,	'Gerwazy','Wozignoj',	'Wulgarny Jezyk',	2,	2)
insert into osobaspraw(idosoby, imie, nazwisko,kategoriasprawdzenia,kategoria_id_kategoria,zespolsprawdzajacy_idzespolu)
values(8,	'Marta',	'Paluch',	'Uzywki',	3,	2)
insert into osobaspraw(idosoby, imie, nazwisko,kategoriasprawdzenia,kategoria_id_kategoria,zespolsprawdzajacy_idzespolu)
values(9,	'Wojciech',	'Alszer',	'Dyskryminacja',	4,	2)
insert into osobaspraw(idosoby, imie, nazwisko,kategoriasprawdzenia,kategoria_id_kategoria,zespolsprawdzajacy_idzespolu)
values(10,	'Piort',	'Luszcz',	'Hazard',	5,	2)
insert into osobaspraw(idosoby, imie, nazwisko,kategoriasprawdzenia,kategoria_id_kategoria,zespolsprawdzajacy_idzespolu)
values(11,	'Jaroslaw',	'Kaminski',	'Przemoc',	1,	3)
insert into osobaspraw(idosoby, imie, nazwisko,kategoriasprawdzenia,kategoria_id_kategoria,zespolsprawdzajacy_idzespolu)
values(12,	'Mac',	'Mac',	'Wulgarny Jezyk',	2,	3)
insert into osobaspraw(idosoby, imie, nazwisko,kategoriasprawdzenia,kategoria_id_kategoria,zespolsprawdzajacy_idzespolu)
values(13,	'Elzbieta',	'Fuks',	'Uzywki',	3,	3)
insert into osobaspraw(idosoby, imie, nazwisko,kategoriasprawdzenia,kategoria_id_kategoria,zespolsprawdzajacy_idzespolu)
values(14,	'Sebastian',	'Salbert',	'Dyskryminacja',	4,	3)
insert into osobaspraw(idosoby, imie, nazwisko,kategoriasprawdzenia,kategoria_id_kategoria,zespolsprawdzajacy_idzespolu)
values(15,	'James',	'Allison', 'Hazard',	5,	3)
insert into osobaspraw(idosoby, imie, nazwisko,kategoriasprawdzenia,kategoria_id_kategoria,zespolsprawdzajacy_idzespolu)
values(16,	'Jean',	'Todt',	'Przemoc',	1,	4)
insert into osobaspraw(idosoby, imie, nazwisko,kategoriasprawdzenia,kategoria_id_kategoria,zespolsprawdzajacy_idzespolu)
values(17,	'Ross',	'Brawn',	'Wulgarny Jezyk',	2,	4)
insert into osobaspraw(idosoby, imie, nazwisko,kategoriasprawdzenia,kategoria_id_kategoria,zespolsprawdzajacy_idzespolu)
values(18,	'Katarzyna',	'Piasecka',	'Uzywki',	3,	4)
insert into osobaspraw(idosoby, imie, nazwisko,kategoriasprawdzenia,kategoria_id_kategoria,zespolsprawdzajacy_idzespolu)
values(19,	'Abelart',	'Giza',	'Dyskryminacja',	4,	4)
insert into osobaspraw(idosoby, imie, nazwisko,kategoriasprawdzenia,kategoria_id_kategoria,zespolsprawdzajacy_idzespolu)
values(20,	'Valteri',	'James',	'Hazard',	5,	4)
insert into osobaspraw(idosoby, imie, nazwisko,kategoriasprawdzenia,kategoria_id_kategoria,zespolsprawdzajacy_idzespolu)
values(21,	'Kacper',	'Rucinski',	'Przemoc',	1,	5)
insert into osobaspraw(idosoby, imie, nazwisko,kategoriasprawdzenia,kategoria_id_kategoria,zespolsprawdzajacy_idzespolu)
values(22,	'Toto',	'Wolff',	'Wulgarny Jezyk',	2,	5)
insert into osobaspraw(idosoby, imie, nazwisko,kategoriasprawdzenia,kategoria_id_kategoria,zespolsprawdzajacy_idzespolu)
values(23,	'Emily',	'Feld',	'Uzywki',	3,	5)
insert into osobaspraw(idosoby, imie, nazwisko,kategoriasprawdzenia,kategoria_id_kategoria,zespolsprawdzajacy_idzespolu)
values(24,	'Lukasz', 'Fabianski',	'Dyskryminacja',	4,	5)
insert into osobaspraw(idosoby, imie, nazwisko,kategoriasprawdzenia,kategoria_id_kategoria,zespolsprawdzajacy_idzespolu)
values(25,	'Carlin',	'Guy',	'Hazard',	5,	5);


insert 
into sprawdzenie (gra_idgry, osobaspraw_idosoby)
values(1,	1)
insert into sprawdzenie (gra_idgry, osobaspraw_idosoby)
values(1,	2)
insert into sprawdzenie (gra_idgry, osobaspraw_idosoby)
values(1,	3)
insert into sprawdzenie (gra_idgry, osobaspraw_idosoby)
values(1,	4)
insert into sprawdzenie (gra_idgry, osobaspraw_idosoby)
values(1,	5)
insert into sprawdzenie (gra_idgry, osobaspraw_idosoby)
values(2,	6)
insert into sprawdzenie (gra_idgry, osobaspraw_idosoby)
values(2,	7)
insert into sprawdzenie (gra_idgry, osobaspraw_idosoby)
values(2,	8)
insert into sprawdzenie (gra_idgry, osobaspraw_idosoby)
values(2,	9)
insert into sprawdzenie (gra_idgry, osobaspraw_idosoby)
values(2,       10)
insert into sprawdzenie (gra_idgry, osobaspraw_idosoby)
values(3,	11)
insert into sprawdzenie (gra_idgry, osobaspraw_idosoby)
values(3,	12)
insert into sprawdzenie (gra_idgry, osobaspraw_idosoby)
values(3,	13)
insert into sprawdzenie (gra_idgry, osobaspraw_idosoby)
values(3,	14)
insert into sprawdzenie (gra_idgry, osobaspraw_idosoby)
values(3,	15)
insert into sprawdzenie (gra_idgry, osobaspraw_idosoby)
values(4,	16)
insert into sprawdzenie (gra_idgry, osobaspraw_idosoby)
values(4,	17)
insert into sprawdzenie (gra_idgry, osobaspraw_idosoby)
values(4,	18)
insert into sprawdzenie (gra_idgry, osobaspraw_idosoby)
values(4,	19)
insert into sprawdzenie (gra_idgry, osobaspraw_idosoby)
values(4,	20)
insert into sprawdzenie (gra_idgry, osobaspraw_idosoby)
values(5,	1)
insert into sprawdzenie (gra_idgry, osobaspraw_idosoby)
values(5,	2)
insert into sprawdzenie (gra_idgry, osobaspraw_idosoby)
values(5,	3)
insert into sprawdzenie (gra_idgry, osobaspraw_idosoby)
values(5,	4)
insert into sprawdzenie (gra_idgry, osobaspraw_idosoby)
values(5,	5);


insert 
into werdykt(idwerdykty, gra_idgry,zespolsprawdzajacy_idzespolu)
values(1,	1,	1)
insert into werdykt(idwerdykty, gra_idgry,zespolsprawdzajacy_idzespolu)
values(2,	2,	2)
insert into werdykt(idwerdykty, gra_idgry,zespolsprawdzajacy_idzespolu)
values(3,	3,	3)
insert into werdykt(idwerdykty, gra_idgry,zespolsprawdzajacy_idzespolu)
values(4,	4,	4)
insert into werdykt(idwerdykty, gra_idgry,zespolsprawdzajacy_idzespolu)
values(5,	5,	1);




insert 
into raport (idraportu, sprawdzenie_gra_idgry, sprawdzenie_osobaspraw_idosoby)
values(1,	1,	1)
insert into raport (idraportu, sprawdzenie_gra_idgry, sprawdzenie_osobaspraw_idosoby)
values(2,	1,	2)
insert into raport (idraportu, sprawdzenie_gra_idgry, sprawdzenie_osobaspraw_idosoby)
values(3,	1,	3)
insert into raport (idraportu, sprawdzenie_gra_idgry, sprawdzenie_osobaspraw_idosoby)
values(4,	1,	4)
insert into raport (idraportu, sprawdzenie_gra_idgry, sprawdzenie_osobaspraw_idosoby)
values(5,	1,	5)
insert into raport (idraportu, sprawdzenie_gra_idgry, sprawdzenie_osobaspraw_idosoby)
values(6,	2,	6)
insert into raport (idraportu, sprawdzenie_gra_idgry, sprawdzenie_osobaspraw_idosoby)
values(7,	2,	7)
insert into raport (idraportu, sprawdzenie_gra_idgry, sprawdzenie_osobaspraw_idosoby)
values(8,	2,	8)
insert into raport (idraportu, sprawdzenie_gra_idgry, sprawdzenie_osobaspraw_idosoby)
values(9,	2,	9)
insert into raport (idraportu, sprawdzenie_gra_idgry, sprawdzenie_osobaspraw_idosoby)
values(10,	2,	10)
insert into raport (idraportu, sprawdzenie_gra_idgry, sprawdzenie_osobaspraw_idosoby)
values(11,	3,	11)
insert into raport (idraportu, sprawdzenie_gra_idgry, sprawdzenie_osobaspraw_idosoby)
values(12,	3,	13)
insert into raport (idraportu, sprawdzenie_gra_idgry, sprawdzenie_osobaspraw_idosoby)
values(13,	3,	13)
insert into raport (idraportu, sprawdzenie_gra_idgry, sprawdzenie_osobaspraw_idosoby)
values(14,	3,	14)
insert into raport (idraportu, sprawdzenie_gra_idgry, sprawdzenie_osobaspraw_idosoby)
values(15,	3,	15)
insert into raport (idraportu, sprawdzenie_gra_idgry, sprawdzenie_osobaspraw_idosoby)
values(16,	4,	16)
insert into raport (idraportu, sprawdzenie_gra_idgry, sprawdzenie_osobaspraw_idosoby)
values(17,	4,	17)
insert into raport (idraportu, sprawdzenie_gra_idgry, sprawdzenie_osobaspraw_idosoby)
values(18,	4,	18)
insert into raport (idraportu, sprawdzenie_gra_idgry, sprawdzenie_osobaspraw_idosoby)
values(19,	4,	19)
insert into raport (idraportu, sprawdzenie_gra_idgry, sprawdzenie_osobaspraw_idosoby)
values(20,	4,	19)
insert into raport (idraportu, sprawdzenie_gra_idgry, sprawdzenie_osobaspraw_idosoby)
values(21,	5,	1)
insert into raport (idraportu, sprawdzenie_gra_idgry, sprawdzenie_osobaspraw_idosoby)
values(22,	5,	2)
insert into raport (idraportu, sprawdzenie_gra_idgry, sprawdzenie_osobaspraw_idosoby)
values(24,	5,	3)
insert into raport (idraportu, sprawdzenie_gra_idgry, sprawdzenie_osobaspraw_idosoby)
values(25,	5,	4)
insert into raport (idraportu, sprawdzenie_gra_idgry, sprawdzenie_osobaspraw_idosoby)
values(23,	5,	5)
